type,value
msg_id,m_1
msg_id,m_2
msg_id,m_3
msg_id,m_4
msg_id,m_5
msg_id,m_6
msg_id,m_7
msg_id,m_8
msg_id,m_9
msg_id,m_10
msg_id,m_11
msg_id,m_12
msg_id,m_13
msg_id,m_14
msg_id,m_15
msg_id,m_16
msg_id,m_17
msg_id,m_18
msg_id,m_19
msg_id,m_20
msg_id,m_21
msg_id,m_22
msg_id,m_23
msg_id,m_24
msg_id,m_25
msg_id,m_26
msg_id,m_27
msg_id,m_28
msg_id,m_29
msg_id,m_30
msg_id,m_31
msg_id,m_32
msg_id,m_33
msg_id,m_34
msg_id,m_35
msg_id,m_36
msg_id,m_37
msg_id,m_38
msg_id,m_39
msg_id,m_40
msg_id,m_41
msg_id,m_42
msg_id,m_43
msg_id,m_44
msg_id,m_45
msg_id,m_46
msg_id,m_47
msg_id,m_48
msg_id,m_49
msg_id,m_50
msg_id,m_51
msg_id,m_52
msg_id,m_53
msg_id,m_54
msg_id,m_55
msg_id,m_56
msg_id,m_57
msg_id,m_58
msg_id,m_59
msg_id,m_60
msg_id,m_61
msg_id,m_62
msg_id,m_63
msg_id,m_64
msg_id,m_65
msg_id,m_66
msg_id,m_67
msg_id,m_68
msg_id,m_69
msg_id,m_70
msg_id,m_71
msg_id,m_72
msg_id,m_73
msg_id,m_74
msg_id,m_75
msg_id,m_76
msg_id,m_77
msg_id,m_78
msg_id,m_79
msg_id,m_80
msg_id,m_81
msg_id,m_82
msg_id,m_83
msg_id,m_84
msg_id,m_85
msg_id,m_86
msg_id,m_87
msg_id,m_88
msg_id,m_89
msg_id,m_90
msg_id,m_91
msg_id,m_92
msg_id,m_93
msg_id,m_94
msg_id,m_95
msg_id,m_96
msg_id,m_97
msg_id,m_98
msg_id,m_99
msg_id,m_100
msg_id,m_101
msg_id,m_102
msg_id,m_103
msg_id,m_104
msg_id,m_105
msg_id,m_106
msg_id,m_107
msg_id,m_108
msg_id,m_109
msg_id,m_110
msg_id,m_111
msg_id,m_112
msg_id,m_113
msg_id,m_114
msg_id,m_115
msg_id,m_116
msg_id,m_117
msg_id,m_118
msg_id,m_119
msg_id,m_120
msg_id,m_121
msg_id,m_122
msg_id,m_123
msg_id,m_124
msg_id,m_125
msg_id,m_126
msg_id,m_127
msg_id,m_128
msg_id,m_129
msg_id,m_130
msg_id,m_131
msg_id,m_132
msg_id,m_133
msg_id,m_134
msg_id,m_135
msg_id,m_136
msg_id,m_137
msg_id,m_138
msg_id,m_139
msg_id,m_140
msg_id,m_141
msg_id,m_142
msg_id,m_143
msg_id,m_144
msg_id,m_145
msg_id,m_146
msg_id,m_147
msg_id,m_148
msg_id,m_149
msg_id,m_150
msg_id,m_151
msg_id,m_152
msg_id,m_153
msg_id,m_154
msg_id,m_155
msg_id,m_156
msg_id,m_157
msg_id,m_158
msg_id,m_159
msg_id,m_160
msg_id,m_161
msg_id,m_162
msg_id,m_163
msg_id,m_164
msg_id,m_165
msg_id,m_166
msg_id,m_167
msg_id,m_168
msg_id,m_169
msg_id,m_170
msg_id,m_171
msg_id,m_172
msg_id,m_173
msg_id,m_174
msg_id,m_175
msg_id,m_176
msg_id,m_177
msg_id,m_178
msg_id,m_179
msg_id,m_180
msg_id,m_181
msg_id,m_182
msg_id,m_183
msg_id,m_184
msg_id,m_185
msg_id,m_186
msg_id,m_187
msg_id,m_188
msg_id,m_189
msg_id,m_190
msg_id,m_191
msg_id,m_192
msg_id,m_193
msg_id,m_194
msg_id,m_195
msg_id,m_196
msg_id,m_197
msg_id,m_198
msg_id,m_199
msg_id,m_200
msg_id,m_201
msg_id,m_202
msg_id,m_203
msg_id,m_204
msg_id,m_205
msg_id,m_206
msg_id,m_207
msg_id,m_208
msg_id,m_209
msg_id,m_210
msg_id,m_211
msg_id,m_212
msg_id,m_213
msg_id,m_214
msg_id,m_215
msg_id,m_216
msg_id,m_217
msg_id,m_218
msg_id,m_219
msg_id,m_220
msg_id,m_221
msg_id,m_222
msg_id,m_223
msg_id,m_224
msg_id,m_225
msg_id,m_226
msg_id,m_227
msg_id,m_228
msg_id,m_229
msg_id,m_230
msg_id,m_231
msg_id,m_232
msg_id,m_233
msg_id,m_234
msg_id,m_235
msg_id,m_236
msg_id,m_237
msg_id,m_238
msg_id,m_239
msg_id,m_240
msg_id,m_241
msg_id,m_242
msg_id,m_243
msg_id,m_244
msg_id,m_245
msg_id,m_246
msg_id,m_247
msg_id,m_248
msg_id,m_249
msg_id,m_250
msg_id,m_251
msg_id,m_252
msg_id,m_253
msg_id,m_254
msg_id,m_255
msg_id,m_256
msg_id,m_257
msg_id,m_258
msg_id,m_259
msg_id,m_260
msg_id,m_261
msg_id,m_262
msg_id,m_263
msg_id,m_264
msg_id,m_265
msg_id,m_266
msg_id,m_267
msg_id,m_268
msg_id,m_269
msg_id,m_270
msg_id,m_271
msg_id,m_272
msg_id,m_273
msg_id,m_274
msg_id,m_275
msg_id,m_276
msg_id,m_277
msg_id,m_278
msg_id,m_279
msg_id,m_280
msg_id,m_281
msg_id,m_282
msg_id,m_283
msg_id,m_284
msg_id,m_285
msg_id,m_286
msg_id,m_287
msg_id,m_288
msg_id,m_289
msg_id,m_290
msg_id,m_291
msg_id,m_292
msg_id,m_293
msg_id,m_294
msg_id,m_295
msg_id,m_296
msg_id,m_297
msg_id,m_298
msg_id,m_299
msg_id,m_300
msg_id,m_301
msg_id,m_302
msg_id,m_303
msg_id,m_304
msg_id,m_305
msg_id,m_306
msg_id,m_307
msg_id,m_308
msg_id,m_309
msg_id,m_310
msg_id,m_311
msg_id,m_312
msg_id,m_313
msg_id,m_314
msg_id,m_315
msg_id,m_316
msg_id,m_317
msg_id,m_318
msg_id,m_319
msg_id,m_320
msg_id,m_321
msg_id,m_322
msg_id,m_323
msg_id,m_324
msg_id,m_325
msg_id,m_326
msg_id,m_327
msg_id,m_328
msg_id,m_329
msg_id,m_330
msg_id,m_331
msg_id,m_332
msg_id,m_333
msg_id,m_334
msg_id,m_335
msg_id,m_336
msg_id,m_337
msg_id,m_338
msg_id,m_339
msg_id,m_340
msg_id,m_341
msg_id,m_342
msg_id,m_343
msg_id,m_344
msg_id,m_345
msg_id,m_346
msg_id,m_347
msg_id,m_348
msg_id,m_349
msg_id,m_350
msg_id,m_351
msg_id,m_352
msg_id,m_353
msg_id,m_354
msg_id,m_355
msg_id,m_356
msg_id,m_357
msg_id,m_358
msg_id,m_359
msg_id,m_360
msg_id,m_361
msg_id,m_362
msg_id,m_363
msg_id,m_364
msg_id,m_365
msg_id,m_366
msg_id,m_367
msg_id,m_368
msg_id,m_369
msg_id,m_370
msg_id,m_371
msg_id,m_372
msg_id,m_373
msg_id,m_374
msg_id,m_375
msg_id,m_376
msg_id,m_377
msg_id,m_378
msg_id,m_379
msg_id,m_380
msg_id,m_381
msg_id,m_382
msg_id,m_383
msg_id,m_384
msg_id,m_385
msg_id,m_386
msg_id,m_387
msg_id,m_388
msg_id,m_389
msg_id,m_390
msg_id,m_391
msg_id,m_392
msg_id,m_393
msg_id,m_394
msg_id,m_395
msg_id,m_396
msg_id,m_397
msg_id,m_398
msg_id,m_399
msg_id,m_400
msg_id,m_401
msg_id,m_402
msg_id,m_403
msg_id,m_404
msg_id,m_405
msg_id,m_406
msg_id,m_407
msg_id,m_408
msg_id,m_409
msg_id,m_410
msg_id,m_411
msg_id,m_412
msg_id,m_413
msg_id,m_414
msg_id,m_415
msg_id,m_416
msg_id,m_417
msg_id,m_418
msg_id,m_419
msg_id,m_420
msg_id,m_421
resource,drone
resource,tractor_1
resource,tractor_2
